date,open,high,low,close,volume,amount,turnover,涨跌幅,stock_name
2022-12-23,44.55,52.03,44.55,50.74,35734462,1744650015.16,72.2565,32.6189,688141
2022-12-26,50.0,52.74,48.44,52.54,12934685,661684623.61,26.1545,3.5475,688141
2022-12-27,52.54,54.2,50.74,52.8,8322826,435467390.8,16.8291,0.4949,688141
2022-12-28,52.8,54.31,49.68,50.4,8694260,449503242.9,17.5801,-4.5455,688141
2022-12-29,49.51,51.48,47.91,49.61,6704242,334106033.18,13.5562,-1.5675,688141
2022-12-30,49.86,50.49,46.99,47.5,7544399,363149259.19,15.2551,-4.2532,688141
2023-01-03,47.01,52.19,46.96,50.78,5983713,300769124.02,12.0993,6.9053,688141
2023-01-04,51.6,52.37,48.5,50.31,4022693,202665878.89,8.134,-0.9256,688141
2023-01-05,51.95,52.58,50.37,51.98,4326320,224298506.69,8.748,3.3194,688141
2023-01-06,51.06,53.46,49.78,50.9,3733990,190545012.39,7.5503,-2.0777,688141
2023-01-09,50.98,52.71,50.1,50.93,2154061,110230481.59,4.3556,0.0589,688141
2023-01-10,51.29,52.88,50.6,51.53,2342316,120928153.24,4.7363,1.1781,688141
2023-01-11,52.0,52.19,48.5,49.24,3800448,189208714.92,7.6847,-4.444,688141
2023-01-12,48.59,49.32,46.11,48.31,4296717,205358106.6,8.6881,-1.8887,688141
2023-01-13,48.25,49.42,47.55,48.85,2293125,111776058.75,4.6368,1.1178,688141
2023-01-16,49.52,54.27,48.73,52.51,5107586,264756906.63,10.3277,7.4923,688141
2023-01-17,53.45,58.72,52.99,55.78,4872295,273010840.45,9.852,6.2274,688141
2023-01-18,56.01,56.8,54.26,55.0,3321189,183036565.11,6.7156,-1.3984,688141
2023-01-19,55.0,58.16,54.15,55.47,3667820,205985350.44,7.4165,0.8545,688141
2023-01-20,55.19,55.88,54.2,55.09,1562955,86079667.18,3.1604,-0.6851,688141
2023-01-30,55.88,55.88,53.6,53.77,1881860,102757759.85,3.8052,-2.3961,688141
2023-01-31,53.93,53.93,50.51,52.9,3513794,182037382.04,7.105,-1.618,688141
2023-02-01,52.41,55.0,51.81,54.85,2613350,141041761.68,5.2843,3.6862,688141
2023-02-02,54.55,56.3,54.02,54.28,1321518,72772821.56,2.6722,-1.0392,688141
2023-02-03,54.79,57.54,54.2,56.88,3026359,170826454.99,6.1194,4.79,688141
2023-02-06,57.0,58.9,55.88,56.2,2146365,122838602.19,4.34,-1.1955,688141
2023-02-07,56.73,56.73,54.67,55.49,1390073,77080677.55,2.8108,-1.2633,688141
2023-02-08,55.57,56.16,54.01,54.01,1185890,64654786.09,2.3979,-2.6671,688141
2023-02-09,54.01,59.21,53.58,57.5,4141080,236910541.11,8.3734,6.4618,688141
2023-02-10,57.41,58.5,56.03,56.7,1148332,65394553.99,2.322,-1.3913,688141
2023-02-13,56.51,56.88,54.16,55.5,2407198,133144304.28,4.8675,-2.1164,688141
2023-02-14,55.91,56.57,53.92,54.38,1851126,101335677.56,3.7431,-2.018,688141
2023-02-15,54.92,55.38,53.8,55.1,1950212,106641992.18,3.9434,1.324,688141
2023-02-16,54.99,56.44,52.7,53.56,2760065,150878424.41,5.581,-2.7949,688141
2023-02-17,53.15,53.56,50.6,51.5,3432997,177466776.99,6.9417,-3.8462,688141
2023-02-20,51.55,52.0,50.4,50.95,1675602,85205109.04,3.3881,-1.068,688141
2023-02-21,50.99,51.27,48.96,49.4,2189816,108895159.6,4.4279,-3.0422,688141
2023-02-22,49.08,51.1,48.88,50.33,2697445,134634618.57,5.4543,1.8826,688141
2023-02-23,50.4,51.35,49.53,50.73,1919589,96898543.89,3.8815,0.7948,688141
2023-02-24,50.85,51.69,49.69,50.36,1348985,68001411.18,2.7277,-0.7294,688141
2023-02-27,49.93,52.66,49.71,51.45,2475686,127393304.5,5.0059,2.1644,688141
2023-02-28,51.45,52.0,49.8,50.9,1898641,95931850.29,3.8391,-1.069,688141
2023-03-01,50.39,52.0,50.09,51.47,1265672,64877483.99,2.5592,1.1198,688141
2023-03-02,51.0,51.65,50.61,50.9,1105639,56416854.03,2.2356,-1.1074,688141
2023-03-03,51.04,52.89,49.9,51.03,2235608,114737068.46,4.5205,0.2554,688141
2023-03-06,51.01,51.01,48.6,49.43,2484729,122600933.94,5.0242,-3.1354,688141
2023-03-07,48.96,49.77,47.0,47.6,2005994,97128026.09,4.0562,-3.7022,688141
2023-03-08,46.94,48.21,46.92,47.46,1132880,53949984.38,2.2907,-0.2941,688141
2023-03-09,47.0,48.99,46.8,47.47,2229553,106939203.41,4.5082,0.0211,688141
2023-03-10,47.16,47.48,45.5,45.9,2197591,101460072.67,4.4436,-3.3074,688141
2023-03-13,46.3,46.3,44.9,45.52,1753052,79612311.71,3.5447,-0.8279,688141
2023-03-14,45.6,48.35,45.04,48.0,3970204,186048087.69,8.0279,5.4482,688141
2023-03-15,47.72,50.45,47.42,48.93,3657150,180807240.74,7.3949,1.9375,688141
2023-03-16,48.59,50.38,47.7,48.09,2178480,107245515.43,4.405,-1.7167,688141
2023-03-17,48.2,50.14,47.85,48.43,2025034,98541336.58,4.0947,0.707,688141
2023-03-20,48.0,48.4,46.03,47.47,3224899,151869973.22,6.5209,-1.9822,688141
2023-03-21,47.74,49.5,46.82,49.15,2487343,121812225.84,5.0295,3.5391,688141
2023-03-22,48.55,50.99,48.08,49.94,3595316,178920169.77,7.2699,1.6073,688141
2023-03-23,49.48,53.6,49.45,52.79,6110306,316951196.85,12.3553,5.7068,688141
2023-03-24,54.2,56.4,52.36,54.73,8171482,445903644.23,16.5231,3.6749,688141
2023-03-27,55.4,56.95,51.17,52.77,6412574,344588803.74,12.9665,-3.5812,688141
2023-03-28,52.0,52.48,48.3,48.98,4293790,213898786.57,8.6822,-7.1821,688141
2023-03-29,48.6,50.85,47.15,48.99,4626279,227315325.51,9.3545,0.0204,688141
2023-03-30,48.9,52.17,48.9,50.65,3443840,174229378.09,6.9636,3.3884,688141
2023-03-31,50.65,51.25,49.05,49.9,2999232,149943681.67,6.0646,-1.4808,688141
2023-04-03,50.03,52.82,50.01,51.99,3435508,177682089.32,6.9467,4.1884,688141
2023-04-04,51.79,53.18,50.5,51.32,4035204,209409505.56,8.1593,-1.2887,688141
2023-04-06,51.5,58.0,51.0,55.18,7750192,432455736.69,15.6712,7.5214,688141
2023-04-07,56.03,56.25,53.48,54.85,4342254,236854142.66,8.7802,-0.598,688141
2023-04-10,56.15,58.39,52.0,53.51,5773422,317070970.12,11.6741,-2.443,688141
2023-04-11,53.37,56.29,52.49,54.45,3748534,203402759.24,7.5797,1.7567,688141
2023-04-12,54.44,58.5,53.53,58.0,6358610,359405113.21,12.8574,6.5197,688141
2023-04-13,58.8,59.5,55.03,56.0,8822196,506305297.33,17.8388,-3.4483,688141
2023-04-14,55.81,56.37,50.88,54.35,6411097,344643451.99,12.9635,-2.9464,688141
2023-04-17,54.04,55.3,52.3,52.77,3883402,208009058.79,7.8524,-2.9071,688141
2023-04-18,53.05,53.36,50.44,51.13,3113488,160217438.23,6.2956,-3.1078,688141
2023-04-19,51.15,54.99,50.68,53.07,4994248,264913293.87,10.0986,3.7942,688141
2023-04-20,53.27,56.52,52.56,55.58,5631206,308659415.09,11.3865,4.7296,688141
2023-04-21,55.26,55.3,47.5,48.0,6610881,334120875.38,13.3675,-13.638,688141
2023-04-24,47.0,48.5,45.4,46.5,4850294,225418113.34,9.8075,-3.125,688141
2023-04-25,46.0,46.2,43.5,43.92,3989960,178174310.41,8.0679,-5.5484,688141
2023-04-26,42.99,44.36,40.5,41.01,5922636,247422605.96,11.9758,-6.6257,688141
2023-04-27,41.1,42.66,40.38,41.4,2497083,103929578.97,5.0492,0.951,688141
2023-04-28,41.38,42.82,41.24,41.79,2351687,98996354.07,4.7552,0.942,688141
2023-05-04,41.1,41.54,38.88,39.39,4153875,165693774.76,8.3993,-5.743,688141
2023-05-05,39.21,40.0,38.77,39.35,2233723,87872936.4,4.5167,-0.1015,688141
2023-05-08,39.73,40.71,39.0,39.73,1865041,74460851.0,3.7712,0.9657,688141
2023-05-09,39.88,40.11,38.26,39.45,1768366,69443897.05,3.5757,-0.7048,688141
2023-05-10,39.18,41.35,39.1,39.94,2013539,80788109.88,4.0715,1.2421,688141
2023-05-11,40.15,41.29,39.36,39.9,1725849,69556425.03,3.4897,-0.1002,688141
2023-05-12,39.66,41.3,38.5,38.7,1973379,78460407.27,3.9903,-3.0075,688141
2023-05-15,38.28,38.69,37.01,38.2,2203450,83244964.8,4.4555,-1.292,688141
2023-05-16,38.08,38.65,37.03,37.22,2406617,90214867.01,4.8663,-2.5654,688141
2023-05-17,37.2,38.85,36.9,37.79,1939257,73531443.86,3.9213,1.5314,688141
2023-05-18,37.8,38.34,36.8,37.08,2737893,102731075.6,5.5361,-1.8788,688141
2023-05-19,36.98,39.27,36.98,38.9,3504630,134047903.01,7.0865,4.9083,688141
2023-05-22,38.85,39.58,37.88,38.11,1829192,70502732.28,3.6987,-2.0308,688141
2023-05-23,38.45,38.45,37.41,37.55,993509,37492234.02,2.0089,-1.4694,688141
2023-05-24,37.3,38.75,37.05,37.94,1365822,51816947.38,2.7617,1.0386,688141
2023-05-25,37.94,38.99,36.45,37.36,2884575,107472920.87,5.8327,-1.5287,688141
2023-05-26,37.66,38.2,37.2,37.51,1473071,55561182.64,2.9786,0.4015,688141
2023-05-29,38.51,42.12,38.02,40.83,6285366,253456487.13,12.7093,8.851,688141
2023-05-30,40.7,45.64,40.09,45.31,8087539,349405135.3,16.3533,10.9723,688141
2023-05-31,44.8,46.46,44.3,45.9,4498610,203991210.38,9.0964,1.3021,688141
2023-06-01,46.04,46.15,43.59,43.82,4268035,190250235.36,8.6301,-4.5316,688141
2023-06-02,44.0,44.26,42.5,42.66,2241548,96220077.08,4.5325,-2.6472,688141
2023-06-05,42.42,45.5,42.42,43.7,2706755,119512410.67,5.4732,2.4379,688141
2023-06-06,43.17,44.7,41.87,42.31,1427935,60778876.2,2.8873,-3.1808,688141
2023-06-07,42.29,42.5,41.66,42.13,1362671,57229342.92,2.7554,-0.4254,688141
2023-06-08,42.0,42.12,40.27,40.51,1366843,55855076.37,2.7638,-3.8452,688141
2023-06-09,40.3,40.8,38.3,39.63,2323683,90845019.43,4.6986,-2.1723,688141
2023-06-12,39.96,41.9,39.01,39.04,2019232,80332858.77,4.083,-1.4888,688141
2023-06-13,39.09,41.08,38.69,40.84,2606265,104483273.09,5.27,4.6107,688141
2023-06-14,40.9,43.82,40.19,43.4,3743224,157973338.79,7.5689,6.2684,688141
2023-06-15,42.88,43.2,40.8,41.27,3011250,125873147.86,6.0889,-4.9078,688141
2023-06-16,41.22,41.22,39.71,40.7,2502212,100699518.46,5.0596,-1.3811,688141
2023-06-19,40.45,43.72,40.18,43.24,4381807,184566703.07,8.8602,6.2408,688141
2023-06-20,44.0,49.3,44.0,48.2,7926456,371997916.31,16.0276,11.4709,688141
2023-06-21,48.11,48.45,45.59,45.63,3279832,152145176.33,6.632,-5.332,688141
2023-06-26,45.63,45.63,40.11,41.0,5524603,231739257.2,10.562,-10.1468,688141
2023-06-27,40.46,41.3,39.93,40.56,2860628,115942692.62,5.469,-1.0732,688141
2023-06-28,40.6,40.96,38.38,39.96,2531631,100735356.27,4.84,-1.4793,688141
2023-06-29,40.08,41.11,39.19,39.39,2503174,100101064.4,4.7856,-1.4264,688141
2023-06-30,39.71,39.82,37.61,39.1,3304119,127479282.41,6.3168,-0.7362,688141
2023-07-03,39.28,40.48,38.63,40.25,2672853,106152933.97,5.11,2.9412,688141
2023-07-04,40.0,41.6,39.55,40.71,2506982,102088692.97,4.7929,1.1429,688141
2023-07-05,40.65,41.38,40.02,40.36,1500455,60724437.07,2.8686,-0.8597,688141
2023-07-06,40.24,40.96,39.88,39.94,1906294,76858041.07,3.6445,-1.0406,688141
2023-07-07,39.8,40.0,38.78,39.11,1806451,70700968.65,3.4536,-2.0781,688141
2023-07-10,39.09,39.58,38.82,39.08,1691633,66234087.86,3.2341,-0.0767,688141
2023-07-11,39.0,40.17,39.0,40.14,2008783,79980538.45,3.8404,2.7124,688141
2023-07-12,40.14,40.3,39.0,39.08,1549769,61323011.77,2.9629,-2.6408,688141
2023-07-13,39.1,40.26,39.1,40.18,2054040,81836361.63,3.9269,2.8147,688141
2023-07-14,39.7,40.38,39.05,39.09,1830071,72441635.12,3.4987,-2.7128,688141
2023-07-17,39.0,39.09,38.08,38.44,1195182,45927323.5,2.285,-1.6628,688141
2023-07-18,38.1,39.25,38.01,38.43,1184268,45923858.34,2.2641,-0.026,688141
2023-07-19,38.36,38.64,37.76,37.79,1336791,50820349.37,2.5557,-1.6654,688141
2023-07-20,37.9,38.06,37.18,37.32,946569,35460223.21,1.8097,-1.2437,688141
2023-07-21,37.5,37.7,37.0,37.06,838906,31287631.77,1.6038,-0.6967,688141
2023-07-24,37.06,37.49,36.64,36.73,991207,36638293.42,1.895,-0.8904,688141
2023-07-25,37.2,37.3,36.71,36.92,1366279,50398338.58,2.6121,0.5173,688141
2023-07-26,37.09,37.09,34.71,34.74,2578541,91539168.77,4.9297,-5.9047,688141
2023-07-27,34.73,34.87,33.8,33.89,1345488,46098410.79,2.5723,-2.4467,688141
2023-07-28,34.09,34.13,32.2,32.71,2975531,97520054.21,5.6886,-3.4819,688141
2023-07-31,32.82,33.65,32.54,33.53,1719614,57154587.87,3.2876,2.5069,688141
2023-08-01,33.5,34.52,33.3,33.8,1535718,52217950.9,2.936,0.8052,688141
2023-08-02,33.77,33.9,33.13,33.33,1009955,33761980.82,1.9308,-1.3905,688141
2023-08-03,33.49,33.69,33.26,33.35,584491,19528082.12,1.1174,0.06,688141
2023-08-04,33.45,33.79,33.0,33.24,1374457,45790957.79,2.6277,-0.3298,688141
2023-08-07,33.5,33.5,32.78,32.91,1173984,38901032.49,2.2444,-0.9928,688141
2023-08-08,33.08,33.08,31.69,31.8,1999091,64290533.52,3.8219,-3.3728,688141
2023-08-09,31.78,31.9,31.19,31.7,1355914,42813781.13,2.5922,-0.3145,688141
2023-08-10,31.74,32.2,31.37,31.83,708813,22548672.89,1.3551,0.4101,688141
2023-08-11,31.9,32.25,31.25,31.29,1099221,34986652.97,2.1015,-1.6965,688141
2023-08-14,31.29,31.77,30.66,31.75,1096101,34360821.95,2.0955,1.4701,688141
2023-08-15,31.75,32.13,30.91,31.23,756603,23712817.45,1.4465,-1.6378,688141
2023-08-16,31.23,31.9,30.09,30.24,1446770,44568821.62,2.7659,-3.17,688141
2023-08-17,30.28,30.38,29.39,30.01,2582330,76963255.09,4.9369,-0.7606,688141
2023-08-18,30.03,31.0,29.77,29.77,1650157,50304647.97,3.1548,-0.7997,688141
2023-08-21,29.77,31.2,29.76,30.54,1916250,58693350.51,3.6635,2.5865,688141
2023-08-22,30.82,31.5,30.04,31.28,1409723,43433572.45,2.6951,2.4231,688141
2023-08-23,31.5,31.5,30.61,30.64,917531,28333500.34,1.7541,-2.046,688141
2023-08-24,30.4,31.7,30.33,31.17,1142501,35614334.4,2.1842,1.7298,688141
2023-08-25,30.95,31.17,29.22,29.54,1383446,41446059.25,2.6449,-5.2294,688141
2023-08-28,31.54,31.65,28.81,28.88,1969757,59103091.79,3.7658,-2.2343,688141
2023-08-29,28.8,31.34,28.8,30.87,2373241,72023809.35,4.5372,6.8906,688141
2023-08-30,30.87,33.17,30.87,32.38,3190086,103201139.7,6.0988,4.8915,688141
2023-08-31,31.3,32.52,30.8,32.25,2202191,70197149.36,4.2102,-0.4015,688141
2023-09-01,32.46,32.94,31.81,31.93,1499847,48281426.94,2.8674,-0.9922,688141
2023-09-04,31.8,32.49,31.1,31.82,1697535,53438217.16,3.2454,-0.3445,688141
2023-09-05,31.87,33.7,31.87,33.57,4075073,135176328.7,7.7908,5.4997,688141
2023-09-06,33.4,34.71,32.74,34.61,3670312,124539802.04,7.0169,3.098,688141
2023-09-07,34.3,34.5,32.54,32.62,2712847,90364442.5,5.1864,-5.7498,688141
2023-09-08,32.98,33.4,32.1,33.23,3461580,113104563.76,6.6179,1.87,688141
2023-09-11,33.18,33.52,32.25,33.13,2210365,72842298.97,4.2258,-0.3009,688141
2023-09-12,33.03,33.45,32.75,33.16,1371705,45395763.52,2.6224,0.0906,688141
2023-09-13,33.01,33.01,31.88,32.22,1285978,41442037.09,2.4585,-2.8347,688141
2023-09-14,32.41,32.41,30.98,31.29,1039459,32641099.13,1.9872,-2.8864,688141
2023-09-15,31.07,32.55,30.71,32.1,1900689,60471038.22,3.6338,2.5887,688141
2023-09-18,31.86,31.86,31.19,31.32,946977,29813021.05,1.8104,-2.4299,688141
2023-09-19,31.5,31.5,30.52,30.81,800977,24725162.95,1.5313,-1.6284,688141
2023-09-20,30.9,31.27,30.23,30.33,844911,25949933.04,1.6153,-1.5579,688141
2023-09-21,30.3,30.48,29.9,30.15,631288,19051492.51,1.2069,-0.5935,688141
2023-09-22,29.8,31.39,29.7,31.3,1066903,32773420.3,2.0397,3.8143,688141
2023-09-25,31.15,31.5,30.0,30.7,1090643,33569981.44,2.0851,-1.9169,688141
2023-09-26,30.35,30.97,30.16,30.45,825245,25250593.62,1.5777,-0.8143,688141
2023-09-27,30.18,31.0,30.18,30.39,575679,17614454.32,1.1006,-0.197,688141
2023-09-28,30.6,30.9,29.94,30.7,1021589,31100554.72,1.9531,1.0201,688141
2023-10-09,30.76,30.93,30.15,30.31,872137,26563554.44,1.6674,-1.2704,688141
2023-10-10,30.33,30.74,30.18,30.26,619750,18855051.55,1.1848,-0.165,688141
2023-10-11,30.45,31.93,30.29,31.61,1531764,47964837.51,2.9284,4.4613,688141
2023-10-12,31.34,31.8,30.91,31.27,1078314,33642275.59,2.0615,-1.0756,688141
2023-10-13,31.04,31.5,30.77,31.15,666061,20782011.99,1.2734,-0.3838,688141
2023-10-16,31.3,31.38,29.64,30.0,1298888,39187566.0,2.4832,-3.6918,688141
2023-10-17,29.7,30.8,29.5,30.54,882871,26567940.11,1.6879,1.8,688141
2023-10-18,32.56,33.96,31.6,32.19,4756240,155320090.02,9.093,5.4028,688141
2023-10-19,32.15,35.17,32.15,34.34,5479452,185480844.07,10.4757,6.6791,688141
2023-10-20,34.0,34.96,31.65,31.78,4338275,144150400.56,8.2939,-7.4549,688141
2023-10-23,31.7,32.0,28.25,28.7,4484919,132848142.59,8.5743,-9.6916,688141
2023-10-24,28.88,30.8,27.9,29.76,3168636,93015738.02,6.0578,3.6934,688141
2023-10-25,29.83,31.75,29.76,30.8,3101406,96312245.7,5.9293,3.4946,688141
2023-10-26,30.6,31.45,29.4,30.04,2419456,72690860.31,4.6255,-2.4675,688141
2023-10-27,29.79,31.1,29.02,30.68,1921494,58211097.94,3.6735,2.1305,688141
2023-10-30,30.3,35.55,30.0,34.14,5603203,188583395.15,10.7122,11.2777,688141
2023-10-31,34.12,34.64,32.73,33.43,2370695,79236203.04,4.5323,-2.0797,688141
2023-11-01,33.5,34.07,32.85,33.46,1679663,55967735.74,3.2112,0.0897,688141
2023-11-02,33.72,33.72,32.4,32.5,1161288,38218612.27,2.2202,-2.8691,688141
2023-11-03,32.51,34.34,32.5,34.01,2443819,81875250.84,4.6721,4.6462,688141
2023-11-06,34.22,34.8,33.82,34.39,2284181,78417775.19,4.3669,1.1173,688141
2023-11-07,34.82,37.97,34.0,36.93,5542182,200965415.28,10.5956,7.3859,688141
2023-11-08,37.8,38.33,36.45,38.09,4988407,187213905.05,9.5369,3.1411,688141
2023-11-09,37.97,38.0,36.88,36.99,2919372,108787378.66,5.5813,-2.8879,688141
2023-11-10,36.91,37.47,36.01,36.22,2350180,85962765.57,4.4931,-2.0816,688141
2023-11-13,36.6,37.1,34.22,34.76,4271297,149310091.15,8.1659,-4.0309,688141
2023-11-14,34.87,35.67,34.4,35.12,3416232,119880654.19,6.5312,1.0357,688141
2023-11-15,35.5,35.77,34.5,34.68,2713844,94761153.84,5.1883,-1.2528,688141
2023-11-16,34.5,34.93,34.1,34.59,1657621,57227246.09,3.1691,-0.2595,688141
2023-11-17,34.38,36.38,34.31,36.1,3683669,130876422.58,7.0425,4.3654,688141
2023-11-20,36.49,36.49,34.66,35.11,2576447,90703959.5,4.9257,-2.7424,688141
2023-11-21,34.96,35.08,32.76,32.99,5688637,190696561.42,10.8756,-6.0382,688141
2023-11-22,32.84,33.05,31.57,31.85,4132699,132850161.58,7.9009,-3.4556,688141
2023-11-23,31.93,32.12,31.12,31.89,2058240,64973124.4,3.935,0.1256,688141
2023-11-24,31.87,31.89,31.0,31.2,1493295,46904988.32,2.8549,-2.1637,688141
2023-11-27,31.15,31.88,31.08,31.69,1238792,39062231.63,2.3683,1.5705,688141
2023-11-28,32.0,33.88,31.55,33.36,4970896,164045009.91,9.5034,5.2698,688141
2023-11-29,33.36,34.4,32.9,33.82,3112205,104951064.46,5.9499,1.3789,688141
2023-11-30,33.45,33.45,31.9,32.1,1804846,58606066.46,3.4505,-5.0857,688141
2023-12-01,32.16,32.41,31.48,32.08,1106955,35205534.66,2.1163,-0.0623,688141
2023-12-04,32.09,33.03,31.35,32.44,1823047,59170002.92,3.4853,1.1222,688141
2023-12-05,32.55,32.55,31.11,31.52,1772739,56046711.58,3.3891,-2.836,688141
2023-12-06,31.37,31.82,31.18,31.59,1012276,31941314.16,1.9353,0.2221,688141
2023-12-07,31.59,31.99,31.18,31.44,934850,29501479.72,1.7873,-0.4748,688141
2023-12-08,31.44,33.26,31.44,32.55,1968428,63902542.93,3.7633,3.5305,688141
2023-12-11,32.66,34.17,31.78,33.71,2741095,90078538.63,5.2404,3.5637,688141
2023-12-12,33.51,34.95,33.4,33.64,2104250,71989280.54,4.0229,-0.2077,688141
2023-12-13,33.7,35.5,33.13,34.43,3288437,113755610.95,6.2869,2.3484,688141
2023-12-14,34.43,34.99,34.12,34.42,1501308,52048836.28,2.8702,-0.029,688141
2023-12-15,33.71,35.04,33.6,34.59,1532712,52877941.29,2.9302,0.4939,688141
2023-12-18,34.09,34.5,33.03,33.1,1760730,58833262.69,3.3662,-4.3076,688141
2023-12-19,34.31,34.34,32.01,32.29,2030034,66282542.64,3.881,-2.4471,688141
2023-12-20,32.29,32.49,31.42,31.49,905541,28772150.72,1.7312,-2.4775,688141
2023-12-21,31.35,31.53,29.97,30.15,2291944,69795484.78,4.3818,-4.2553,688141
2023-12-22,30.14,30.24,28.5,28.9,2786942,81220173.09,5.3281,-4.1459,688141
2023-12-25,28.68,28.88,23.46,26.03,14955376,379794496.55,6.4075,-9.9308,688141
2023-12-26,25.5,25.66,24.48,24.85,4459060,111426946.48,1.9104,-4.5332,688141
2023-12-27,24.83,26.8,24.74,26.52,8297435,218126280.05,3.555,6.7203,688141
2023-12-28,26.6,28.1,26.48,27.76,5971171,164486627.15,2.5583,4.6757,688141
2023-12-29,27.61,28.06,27.08,27.66,4631562,127938214.3,1.9844,-0.3602,688141
2024-01-02,27.61,27.74,26.95,27.05,2759228,74886276.33,1.1822,-2.2054,688141
2024-01-03,26.89,27.28,26.42,26.87,2665443,71557049.53,1.142,-0.6654,688141
2024-01-04,26.51,26.87,25.32,25.52,4167851,108114886.39,1.7857,-5.0242,688141
2024-01-05,25.45,25.52,24.8,24.89,3495501,88151409.98,1.4976,-2.4687,688141
2024-01-08,24.69,25.0,23.43,23.56,3448857,82378872.41,1.4776,-5.3435,688141
2024-01-09,23.56,23.99,22.82,23.14,4015157,93671101.15,1.7203,-1.7827,688141
2024-01-10,22.91,23.41,22.09,22.76,3519263,80312556.61,1.5078,-1.6422,688141
2024-01-11,22.76,23.44,22.5,23.15,4266054,97737989.83,1.8278,1.7135,688141
2024-01-12,23.09,23.15,22.5,22.56,2668797,60927655.33,1.1434,-2.5486,688141
2024-01-15,22.57,24.1,22.15,23.52,5886687,137510139.84,2.5221,4.2553,688141
2024-01-16,23.35,23.68,22.94,23.19,4966374,115367130.96,2.1278,-1.4031,688141
2024-01-17,23.19,23.19,22.15,22.17,2769324,62669228.44,1.1865,-4.3984,688141
2024-01-18,22.0,22.6,21.48,22.22,2909007,63699673.74,1.2463,0.2255,688141
2024-01-19,22.27,22.7,22.0,22.14,3295953,73718960.67,1.4121,-0.36,688141
2024-01-22,22.31,22.31,20.12,20.5,4493291,95970026.25,1.9251,-7.4074,688141
2024-01-23,20.5,20.92,20.0,20.4,5224131,106869124.76,2.2382,-0.4878,688141
2024-01-24,20.56,20.7,19.52,20.29,4941439,99208047.65,2.1171,-0.5392,688141
2024-01-25,20.2,21.13,19.76,20.99,4144385,85574895.25,1.7756,3.45,688141
2024-01-26,21.0,21.0,19.78,19.87,4856363,98631525.54,2.0807,-5.3359,688141
2024-01-29,20.03,20.55,19.03,19.13,4898369,96196770.01,2.0987,-3.7242,688141
2024-01-30,19.0,19.7,18.51,18.98,4962935,95511480.13,2.1263,-0.7841,688141
2024-01-31,18.75,19.16,17.5,17.56,4386696,79876129.17,1.8794,-7.4816,688141
2024-02-01,17.48,17.6,16.8,16.94,6951227,119301457.53,2.9782,-3.5308,688141
2024-02-02,16.98,17.44,15.21,16.05,5573348,91729635.05,2.3879,-5.2538,688141
2024-02-05,15.71,16.22,13.25,13.54,7520193,107188334.27,3.222,-15.6386,688141
2024-02-06,13.4,14.54,12.67,14.13,9151770,124490926.73,3.921,4.3575,688141
2024-02-07,14.3,15.15,13.9,14.25,10359309,150583738.07,4.4384,0.8493,688141
2024-02-08,14.37,17.1,13.0,17.02,13238287,205452417.78,5.6718,19.4386,688141
2024-02-19,17.18,17.48,16.15,16.79,9993223,166140740.95,4.2815,-1.3514,688141
2024-02-20,16.99,17.2,16.25,16.9,5564941,92998798.03,2.3843,0.6552,688141
2024-02-21,16.81,17.88,16.52,17.46,6441847,111784083.42,2.76,3.3136,688141
2024-02-22,17.76,18.65,17.33,18.5,5385835,97537793.91,2.3075,5.9565,688141
2024-02-23,18.78,19.39,18.16,19.19,4618686,86688889.24,1.9788,3.7297,688141
2024-02-26,19.0,19.4,18.52,18.77,6322954,119048742.07,2.709,-2.1886,688141
2024-02-27,18.92,20.28,18.23,20.04,6611871,127788791.61,2.8328,6.7661,688141
2024-02-28,19.85,20.71,17.7,17.7,9278296,178051839.78,3.9752,-11.6766,688141
2024-02-29,17.51,18.79,17.46,18.59,5272558,96693350.93,2.259,5.0282,688141
2024-03-01,18.83,19.78,18.41,19.62,5265688,100862448.39,2.256,5.5406,688141
2024-03-04,19.83,21.96,19.15,21.14,10887567,226373408.45,4.6647,7.7472,688141
2024-03-05,20.45,20.78,19.4,19.7,8622616,172626834.28,3.6943,-6.8117,688141
2024-03-06,19.5,19.61,18.45,19.04,5883692,111360793.67,2.5208,-3.3503,688141
2024-03-07,19.3,19.41,18.18,18.27,4906241,91438105.65,2.102,-4.0441,688141
2024-03-08,18.38,19.08,18.14,18.9,4447116,83142042.53,1.9053,3.4483,688141
2024-03-11,19.04,19.97,18.92,19.9,5952397,115793048.93,2.5503,5.291,688141
2024-03-12,20.28,20.28,19.31,19.57,4414834,86801048.6,1.8915,-1.6583,688141
2024-03-13,19.66,19.96,19.44,19.55,3665767,72037100.88,1.5706,-0.1022,688141
2024-03-14,19.3,19.63,18.66,18.93,4225683,80451343.89,1.8105,-3.1714,688141
2024-03-15,18.7,18.85,18.15,18.58,8944545,164720557.54,3.8322,-1.8489,688141
2024-03-18,18.8,19.39,18.5,19.36,5832738,110334080.79,2.499,4.1981,688141
2024-03-19,19.34,19.8,19.01,19.58,6550119,127458657.97,2.8063,1.1364,688141
2024-03-20,19.54,19.74,19.21,19.57,4312551,84032134.08,1.8477,-0.0511,688141
2024-03-21,19.7,20.02,19.0,19.12,5611083,108896006.05,2.404,-2.2994,688141
2024-03-22,19.3,19.51,18.54,18.56,4783414,90564929.86,2.0494,-2.9289,688141
2024-03-25,18.51,18.57,17.2,17.24,6538602,116389546.73,2.8014,-7.1121,688141
2024-03-26,17.3,17.56,16.4,16.65,5564660,93778549.0,2.3841,-3.4223,688141
2024-03-27,16.64,16.64,15.5,16.1,8077500,128643497.69,3.4607,-3.3033,688141
2024-03-28,16.05,16.35,15.65,16.18,5962676,95631832.35,2.5547,0.4969,688141
2024-03-29,16.12,16.42,15.6,16.28,4000549,63918749.32,1.714,0.618,688141
2024-04-01,16.28,17.38,16.28,17.0,5369683,90741606.6,2.3006,4.4226,688141
2024-04-02,17.04,17.04,16.28,16.5,4804721,79359605.98,2.0585,-2.9412,688141
2024-04-03,16.79,16.79,15.78,16.14,4149047,66991477.66,1.7776,-2.1818,688141
2024-04-08,16.09,16.09,15.47,15.57,4113318,64589065.91,1.7623,-3.5316,688141
2024-04-09,15.56,16.07,15.48,16.01,3163332,49965981.94,1.3553,2.8259,688141
2024-04-10,15.99,15.99,15.1,15.28,3024525,46561510.05,1.2958,-4.5597,688141
2024-04-11,15.11,15.72,15.06,15.15,2532971,38938083.16,1.0852,-0.8508,688141
2024-04-12,15.23,15.5,15.07,15.07,2625301,39974102.85,1.1248,-0.5281,688141
2024-04-15,15.05,15.4,14.06,14.35,3710212,53947178.06,1.5896,-4.7777,688141
2024-04-16,14.34,14.34,13.01,13.09,5405601,72655225.36,2.316,-8.7805,688141
2024-04-17,13.3,14.11,13.3,14.05,4218733,57983067.55,1.8075,7.3338,688141
2024-04-18,14.25,14.25,13.52,13.76,3636171,50502597.17,1.5579,-2.0641,688141
2024-04-19,13.7,13.74,13.28,13.34,3228964,43423655.94,1.3834,-3.0523,688141
2024-04-22,13.19,13.65,12.67,13.57,3279697,43726849.17,1.4052,1.7241,688141
2024-04-23,13.67,14.03,13.5,13.91,2456582,33945826.47,1.0525,2.5055,688141
2024-04-24,13.91,14.45,13.87,14.44,3603794,51286688.27,1.544,3.8102,688141
2024-04-25,14.45,14.64,14.15,14.33,2526762,36370052.4,1.0826,-0.7618,688141
2024-04-26,14.37,14.68,14.19,14.6,3148966,45647829.9,1.3491,1.8842,688141
2024-04-29,14.6,15.82,14.6,15.72,4892018,75445154.09,2.0959,7.6712,688141
2024-04-30,15.53,15.6,14.6,14.69,6109334,91335864.44,2.6175,-6.5522,688141
2024-05-06,14.95,15.74,14.91,15.54,5122754,78956070.52,2.1948,5.7862,688141
2024-05-07,15.66,16.03,15.35,15.79,3990943,62980391.72,1.7099,1.6088,688141
2024-05-08,15.8,15.83,15.35,15.42,2355490,36627498.6,1.0092,-2.3433,688141
2024-05-09,15.47,15.82,15.42,15.54,3374669,52629715.49,1.4458,0.7782,688141
2024-05-10,15.6,15.9,14.98,15.11,4039245,62378015.83,1.7306,-2.7671,688141
2024-05-13,15.03,15.05,14.02,14.32,3337864,48488558.81,1.4301,-5.2283,688141
2024-05-14,14.56,14.9,14.3,14.86,3559042,52257637.24,1.5248,3.7709,688141
2024-05-15,14.7,15.24,14.46,14.9,2794604,41874231.0,1.1973,0.2692,688141
2024-05-16,15.09,15.83,14.92,15.47,5217647,80708101.3,2.2355,3.8255,688141
2024-05-17,15.47,15.7,15.21,15.65,2429485,37692015.17,1.0409,1.1635,688141
2024-05-20,15.65,16.02,15.52,15.79,3437376,54463442.04,1.4727,0.8946,688141
2024-05-21,15.98,15.98,15.3,15.42,2335485,36237948.32,1.0006,-2.3433,688141
2024-05-22,15.43,16.2,15.38,16.13,4427027,70212505.9,1.8967,4.6044,688141
2024-05-23,16.11,16.53,15.9,16.26,5545229,90151525.73,2.3758,0.806,688141
2024-05-24,16.33,17.68,16.22,17.23,10282151,176646557.26,4.4053,5.9656,688141
2024-05-27,17.06,17.15,15.9,16.65,7622516,125495727.16,3.2658,-3.3662,688141
2024-05-28,16.52,16.87,16.01,16.25,5843616,96250485.6,2.5037,-2.4024,688141
2024-05-29,16.22,16.49,15.82,15.88,3095471,49937439.33,1.3262,-2.2769,688141
2024-05-30,15.32,16.45,14.85,16.2,5007140,79465562.36,2.1453,2.0151,688141
2024-05-31,16.12,16.35,15.76,15.83,3806109,60760994.37,1.6307,-2.284,688141
2024-06-03,15.98,18.15,15.83,17.81,16632738,286526121.96,7.1262,12.5079,688141
2024-06-04,17.81,17.81,16.11,16.53,10381507,172349455.13,4.4479,-7.187,688141
2024-06-05,16.16,16.72,15.89,15.89,7297188,118755441.49,3.1264,-3.8717,688141
2024-06-06,16.11,16.51,15.43,15.46,7500409,119471585.25,3.2135,-2.7061,688141
2024-06-07,15.69,16.1,15.25,15.69,4747025,74567338.04,2.0338,1.4877,688141
2024-06-11,15.45,16.65,15.26,16.6,7683460,124026567.86,3.2919,5.7999,688141
2024-06-12,16.64,16.98,16.28,16.79,7900254,132133473.64,3.3848,1.1446,688141
2024-06-13,16.82,18.08,16.64,17.6,13539541,237344274.13,5.8009,4.8243,688141
2024-06-14,17.42,17.99,17.15,17.41,16557542,291082257.58,7.0939,-1.0795,688141
2024-06-17,17.59,19.13,17.12,19.05,17073163,315835116.24,7.3149,9.4199,688141
2024-06-18,18.8,19.3,18.55,19.21,9540972,180384040.92,4.0878,0.8399,688141
2024-06-19,18.98,19.29,18.48,18.55,7608193,142855583.92,3.2597,-3.4357,688141
2024-06-20,19.0,19.87,18.31,19.61,14741184,285700528.11,6.3157,5.7143,688141
2024-06-21,19.2,19.35,18.52,18.62,7888467,149109796.24,3.3798,-5.0484,688141
2024-06-24,18.7,19.3,17.38,17.45,9730102,177850763.21,4.1688,-6.2836,688141
2024-06-25,17.82,17.82,16.5,16.85,8684659,146498974.0,3.7209,-3.4384,688141
2024-06-26,16.51,17.17,16.46,17.1,5309715,89509362.17,2.2749,1.4837,688141
2024-06-27,16.87,17.25,16.41,16.44,5428900,91355561.7,2.326,-3.8596,688141
2024-06-28,16.41,16.85,16.02,16.16,5242773,86231226.22,2.2462,-1.7032,688141
2024-07-01,16.21,16.21,14.78,15.01,8842489,133639626.79,3.7885,-7.1163,688141
2024-07-02,15.0,15.0,14.16,14.33,6922231,100431070.72,2.9658,-4.5303,688141
2024-07-03,14.19,15.1,13.98,14.76,7517588,109691906.74,3.2209,3.0007,688141
2024-07-04,14.65,14.9,14.37,14.37,3740160,54571812.46,1.6024,-2.6423,688141
2024-07-05,14.37,14.5,13.92,14.16,3680349,52502624.89,1.5768,-1.4614,688141
2024-07-08,14.24,14.38,13.59,13.61,6676229,92934021.48,2.6461,-3.8842,688141
2024-07-09,13.61,14.75,13.41,14.61,8069645,114246628.12,3.1984,7.3475,688141
2024-07-10,14.68,14.85,14.4,14.46,3913028,57052016.22,1.5509,-1.0267,688141
2024-07-11,14.78,15.29,14.55,15.13,4508328,67259117.51,1.7869,4.6335,688141
2024-07-12,14.99,14.99,14.54,14.67,4421933,65111266.01,1.7526,-3.0403,688141
2024-07-15,14.67,14.85,14.12,14.16,3869969,55700876.1,1.5339,-3.4765,688141
2024-07-16,14.16,15.28,14.02,14.89,6132484,90051757.58,2.4306,5.1554,688141
2024-07-17,14.76,15.05,14.55,14.64,4742266,70045580.58,1.8796,-1.679,688141
2024-07-18,14.5,14.72,14.0,14.57,4241213,60621074.09,1.681,-0.4781,688141
2024-07-19,14.56,17.1,14.37,15.99,11877087,190033842.48,4.6412,9.7461,688141
2024-07-22,15.8,17.44,15.7,16.47,8874530,147468090.36,3.4679,3.0019,688141
2024-07-23,16.41,16.68,15.57,15.57,5502380,88612347.38,2.1502,-5.4645,688141
2024-07-24,15.57,15.95,15.1,15.14,5100312,78641703.26,1.9931,-2.7617,688141
2024-07-25,15.0,15.3,14.68,15.01,3886764,58389143.86,1.5188,-0.8587,688141
2024-07-26,15.03,15.4,14.68,14.88,4945906,73984597.28,1.9327,-0.8661,688141
2024-07-29,14.85,14.93,14.56,14.69,2528203,37213632.84,0.988,-1.2769,688141
2024-07-30,14.7,15.34,14.5,14.99,3459173,51722885.25,1.3517,2.0422,688141
2024-07-31,15.0,16.23,14.71,16.05,6374352,99453190.4,2.4909,7.0714,688141
2024-08-01,15.96,16.55,15.8,16.33,5323579,86454224.94,2.0803,1.7445,688141
2024-08-02,16.2,16.69,15.62,15.78,4261054,68621529.97,1.6651,-3.368,688141
2024-08-05,15.5,16.01,14.82,14.89,4958160,75739239.38,1.9375,-5.6401,688141
2024-08-06,15.58,15.58,14.96,15.3,3604749,54674490.38,1.4086,2.7535,688141
2024-08-07,15.15,15.67,15.15,15.57,3064091,47504169.12,1.1974,1.7647,688141
2024-08-08,15.63,16.16,15.23,15.76,4463544,70216620.75,1.7442,1.2203,688141
2024-08-09,15.88,16.37,15.73,15.81,3180870,50634158.69,1.243,0.3173,688141
2024-08-12,15.72,15.95,15.45,15.56,2311667,36001685.6,0.9033,-1.5813,688141
2024-08-13,15.58,16.98,15.49,16.87,8684987,143507894.58,3.3938,8.419,688141
2024-08-14,17.18,17.18,16.37,16.43,5227936,87048513.24,2.0429,-2.6082,688141
2024-08-15,16.58,16.92,16.17,16.24,4164162,68571539.39,1.6272,-1.1564,688141
2024-08-16,16.24,16.83,16.21,16.35,4100528,67507894.05,1.6024,0.6773,688141
2024-08-19,16.13,16.44,15.7,15.76,5018544,79901129.22,1.9611,-3.6086,688141
2024-08-20,15.91,16.01,15.3,15.46,3171403,49529521.06,1.2393,-1.9036,688141
2024-08-21,15.36,15.67,15.08,15.15,2397067,36665359.53,0.9367,-2.0052,688141
2024-08-22,15.15,15.2,14.77,14.83,2305690,34466700.88,0.901,-2.1122,688141
2024-08-23,14.87,15.04,14.58,14.75,2231918,32975112.97,0.8722,-0.5394,688141
2024-08-26,14.48,15.37,14.48,15.0,2824049,42654772.73,1.1036,1.6949,688141
2024-08-27,14.71,15.22,14.64,14.73,1786305,26502624.14,0.698,-1.8,688141
2024-08-28,15.0,15.1,14.61,14.82,1360967,20201589.64,0.5318,0.611,688141
2024-08-29,14.82,15.26,14.59,15.06,1913738,28768585.98,0.7478,1.6194,688141
2024-08-30,15.09,15.95,15.0,15.35,4049079,63431284.77,1.5823,1.9256,688141
2024-09-02,15.25,15.76,14.8,14.85,3841083,58923575.41,1.501,-3.2573,688141
2024-09-03,14.78,15.14,14.65,14.65,2922485,43476775.03,1.142,-1.3468,688141
2024-09-04,14.58,15.07,14.38,14.78,2462191,36325459.02,0.9622,0.8874,688141
2024-09-05,14.8,14.98,14.58,14.6,2794383,41160761.24,1.092,-1.2179,688141
2024-09-06,14.48,14.97,14.38,14.45,2446374,35385812.07,0.956,-1.0274,688141
2024-09-09,14.25,14.51,14.2,14.23,1626749,23255002.39,0.6357,-1.5225,688141
2024-09-10,14.16,14.34,13.95,14.22,2168777,30631818.21,0.8271,-0.0703,688141
2024-09-11,14.15,14.45,14.15,14.26,1814357,25950774.05,0.692,0.2813,688141
2024-09-12,14.45,14.47,14.06,14.06,1737178,24789679.52,0.6625,-1.4025,688141
2024-09-13,14.16,14.16,13.65,13.74,2650319,36948842.47,1.0108,-2.276,688141
2024-09-18,13.88,13.93,13.55,13.83,1618166,22250626.9,0.6171,0.655,688141
2024-09-19,13.92,14.42,13.73,14.13,2028063,28668573.0,0.7735,2.1692,688141
2024-09-20,14.23,14.23,13.98,14.14,1592445,22458089.69,0.6073,0.0708,688141
2024-09-23,14.14,14.29,13.9,13.9,1766830,24840203.93,0.6738,-1.6973,688141
2024-09-24,14.05,14.85,13.95,14.73,4187689,60523222.56,1.5971,5.9712,688141
2024-09-25,14.89,15.18,14.63,14.64,4378791,65502697.94,1.67,-0.611,688141
2024-09-26,14.63,15.19,14.46,15.12,4980686,73425718.42,1.8995,3.2787,688141
2024-09-27,15.59,16.33,15.26,15.97,4914698,77220175.05,1.8744,5.6217,688141
2024-09-30,17.0,19.13,16.67,18.82,16983422,307910238.92,6.4772,17.846,688141
2024-10-08,22.58,22.58,20.5,22.58,26034856,573407399.34,9.9292,19.9787,688141
2024-10-09,21.5,23.43,19.3,20.31,26199385,568693609.16,9.992,-10.0531,688141
2024-10-10,20.41,20.9,19.23,19.3,15091913,302247362.79,5.7558,-4.9729,688141
2024-10-11,19.3,19.4,17.65,18.0,11261525,206651504.19,4.295,-6.7358,688141
2024-10-14,17.84,18.69,16.99,18.5,11300815,201349128.49,4.3099,2.7778,688141
2024-10-15,18.41,19.4,17.92,18.26,12066332,225073107.48,4.6019,-1.2973,688141
2024-10-16,17.75,18.33,17.4,17.63,7811914,138678090.49,2.9793,-3.4502,688141
2024-10-17,17.76,19.2,17.72,18.03,11482380,210309124.12,4.3792,2.2689,688141
2024-10-18,18.2,21.64,18.0,21.64,36226711,743558873.59,13.8162,20.0222,688141
2024-10-21,23.0,25.68,22.4,23.45,49598656,1172323000.07,18.9161,8.3641,688141
2024-10-22,22.97,24.76,22.48,23.86,38370093,912929932.43,14.6337,1.7484,688141
2024-10-23,23.76,25.04,23.23,23.29,29945157,716356317.17,11.4206,-2.3889,688141
2024-10-24,23.06,23.53,22.22,22.77,19628314,448769242.2,7.4859,-2.2327,688141
2024-10-25,22.82,23.9,22.55,23.7,22150265,517037555.02,8.4477,4.0843,688141
2024-10-28,23.89,25.25,23.88,24.28,20311920,495186062.94,7.7466,2.4473,688141
2024-10-29,24.0,24.4,22.7,22.8,21188241,495143474.32,8.0808,-6.0956,688141
2024-10-30,22.5,23.21,21.95,22.32,14316662,320766361.59,5.4601,-2.1053,688141
2024-10-31,22.47,26.67,22.05,25.58,35694618,881507005.26,13.6133,14.6057,688141
2024-11-01,25.07,25.65,22.12,22.27,24892677,582380286.08,9.4936,-12.9398,688141
2024-11-04,22.29,23.62,21.77,23.21,15260443,350825697.47,5.8201,4.2209,688141
2024-11-05,23.45,25.16,22.97,24.8,20753744,503148706.7,7.9151,6.8505,688141
2024-11-06,25.13,25.8,23.76,24.15,22175224,551143813.65,8.4572,-2.621,688141
2024-11-07,24.0,24.95,23.75,24.73,14602023,357339662.41,5.569,2.4017,688141
2024-11-08,25.3,25.85,24.44,24.8,18234466,457654570.22,6.9543,0.2831,688141
2024-11-11,25.12,28.4,25.12,27.26,27482059,746918225.75,10.4812,9.9194,688141
2024-11-12,27.5,30.06,26.22,27.26,30418651,855897084.17,11.6011,0.0,688141
2024-11-13,26.9,27.31,25.66,26.55,19469252,513483504.1,7.4252,-2.6045,688141
2024-11-14,26.3,27.18,25.8,26.11,12640922,334636743.44,4.821,-1.6573,688141
2024-11-15,25.66,26.1,23.0,23.55,22569332,557867576.9,8.6076,-9.8047,688141
2024-11-18,23.3,23.61,21.92,22.33,15162538,342112997.33,5.7827,-5.1805,688141
2024-11-19,22.74,23.86,22.5,23.74,13019842,303149714.51,4.9655,6.3144,688141
2024-11-20,23.62,24.76,23.41,24.38,11699146,281076799.38,4.4619,2.6959,688141
2024-11-21,24.37,25.08,23.65,24.59,11696678,285639075.29,4.4609,0.8614,688141
2024-11-22,24.13,24.9,22.7,22.81,11490336,274185215.54,4.3822,-7.2387,688141
2024-11-25,22.78,23.12,21.4,21.96,14525866,320031323.06,5.5399,-3.7264,688141
2024-11-26,21.94,22.35,21.3,21.45,9740968,212795337.48,3.715,-2.3224,688141
2024-11-27,21.42,22.0,20.54,22.0,11228281,238510305.92,4.2823,2.5641,688141
2024-11-28,22.0,22.62,21.66,22.01,10824614,240230320.64,4.1283,0.0455,688141
2024-11-29,21.86,22.99,21.3,22.5,11595518,257165878.18,4.4223,2.2263,688141
2024-12-02,22.5,23.49,22.28,23.11,9813355,226572886.43,3.7426,2.7111,688141
2024-12-03,23.4,23.43,22.62,23.09,9366286,215357962.35,3.5721,-0.0865,688141
2024-12-04,23.7,25.88,23.56,24.13,25169912,621374849.68,9.5994,4.5041,688141
2024-12-05,23.7,26.7,23.7,26.17,24288994,621639081.41,9.2634,8.4542,688141
2024-12-06,26.43,27.3,25.07,25.77,21087739,548004444.24,8.0425,-1.5285,688141
2024-12-09,26.1,28.01,25.91,26.65,21535975,580217688.01,8.2134,3.4148,688141
2024-12-10,28.52,30.0,26.61,28.1,35838488,1015207699.7,13.6682,5.4409,688141
2024-12-11,27.8,28.85,27.4,28.45,15675074,438647368.21,5.9782,1.2456,688141
2024-12-12,28.08,28.66,27.19,27.6,17220212,479233623.37,6.5675,-2.9877,688141
2024-12-13,27.22,28.35,26.47,26.61,17131132,465405258.28,6.5335,-3.587,688141
2024-12-16,26.38,26.64,25.41,25.54,13619414,352287024.82,5.1942,-4.021,688141
2024-12-17,25.51,25.66,24.75,24.86,8492518,212978658.54,3.2389,-2.6625,688141
2024-12-18,24.6,27.0,24.4,26.46,17400152,446898382.73,6.6361,6.436,688141
2024-12-19,26.67,27.72,25.82,27.28,16493416,443674276.02,6.2903,3.099,688141
2024-12-20,27.28,28.12,26.31,27.52,24623152,670812023.62,9.3908,0.8798,688141
2024-12-23,28.04,30.27,27.93,29.45,38441217,1125192586.47,14.564,7.0131,688141
2024-12-24,29.51,30.52,28.88,30.45,22464599,667912085.86,8.5111,3.3956,688141
2024-12-25,31.1,33.2,29.66,31.9,26254760,821659649.8,9.947,4.7619,688141
2024-12-26,31.3,34.38,31.17,33.51,25147021,822525161.04,9.5273,5.047,688141
2024-12-27,33.43,33.63,31.78,31.93,21088243,687817610.09,7.9896,-4.715,688141
2024-12-30,32.12,34.45,31.58,32.4,19943713,654840340.17,7.556,1.472,688141
2024-12-31,32.23,32.66,30.6,30.61,17571426,551482909.19,6.6572,-5.5247,688141
2025-01-02,30.28,30.68,28.4,29.06,19898964,587146091.52,7.539,-5.0637,688141
2025-01-03,29.34,29.6,26.69,26.88,20170937,566856727.16,7.6421,-7.5017,688141
2025-01-06,26.95,28.77,26.1,28.0,22447526,623033732.8,8.5046,4.1667,688141
2025-01-07,28.32,33.33,27.71,32.41,30665245,930278219.91,11.618,15.75,688141
2025-01-08,31.8,32.56,30.81,31.8,24032091,759278250.11,9.1049,-1.8821,688141
2025-01-09,31.86,32.65,31.26,31.34,17412946,556433228.42,6.5972,-1.4465,688141
2025-01-10,31.18,34.42,31.05,31.67,21587481,705932391.05,8.1787,1.053,688141
2025-01-13,30.81,31.65,29.38,29.85,19680786,594344035.88,7.4564,-5.7468,688141
2025-01-14,29.78,31.3,29.5,31.23,16244452,498300147.76,6.1545,4.6231,688141
2025-01-15,31.0,32.97,30.7,31.62,17798977,566038781.55,6.7434,1.2488,688141
2025-01-16,31.88,32.13,29.17,29.34,23241105,706178856.76,8.8052,-7.2106,688141
2025-01-17,29.8,33.33,29.68,33.2,29326023,930187072.86,11.1106,13.1561,688141
2025-01-20,32.92,34.83,32.23,34.06,22022945,736269797.71,8.3437,2.5904,688141
2025-01-21,33.72,33.84,32.1,33.3,23660535,780856621.36,8.9642,-2.2314,688141
2025-01-22,33.05,34.0,32.51,32.86,13987798,463218813.67,5.2995,-1.3213,688141
2025-01-23,33.04,34.1,31.8,32.03,16536778,543248191.35,6.2652,-2.5259,688141
2025-01-24,32.0,33.98,31.9,33.0,13227439,437752611.27,5.0114,3.0284,688141
2025-01-27,32.3,33.01,30.65,30.75,13770787,432754318.44,5.2173,-6.8182,688141
2025-02-05,32.34,34.96,31.7,33.57,24410323,820285214.3,9.2482,9.1707,688141
2025-02-06,33.57,35.55,33.39,34.68,18547038,643820409.24,7.0268,3.3065,688141
2025-02-07,33.8,38.37,33.75,35.5,28681040,1027744299.56,10.8662,2.3645,688141
2025-02-10,36.51,38.26,35.6,37.41,24776814,918296070.34,9.3871,5.3803,688141
2025-02-11,37.0,37.66,36.19,36.19,14533435,534186404.13,5.5062,-3.2612,688141
2025-02-12,36.0,37.79,35.55,37.19,13096497,479287897.83,4.9618,2.7632,688141
2025-02-13,37.09,38.15,35.8,36.81,11323876,413703641.92,4.2902,-1.0218,688141
2025-02-14,36.45,37.87,34.71,35.96,20764092,741567925.74,7.8668,-2.3092,688141
2025-02-17,36.3,37.6,35.19,35.89,13752094,497331712.28,5.2102,-0.1947,688141
2025-02-18,35.59,37.5,34.3,34.94,15886385,570987348.38,6.0188,-2.647,688141
2025-02-19,34.61,35.75,34.24,35.75,12667389,446164250.09,4.7992,2.3183,688141
2025-02-20,35.5,36.24,34.0,34.83,16330576,570840059.86,6.1871,-2.5734,688141
2025-02-21,35.17,38.67,35.01,37.87,23711457,883604779.97,8.9834,8.7281,688141
2025-02-24,37.26,37.88,36.55,37.34,13600483,505287874.87,5.1527,-1.3995,688141
2025-02-25,35.58,36.72,35.47,35.67,16671694,599765542.84,6.3163,-4.4724,688141
2025-02-26,35.8,37.95,34.58,37.48,15983441,584388598.79,6.0556,5.0743,688141
2025-02-27,37.32,38.17,35.8,36.9,13444792,495593932.64,5.0938,-1.5475,688141
2025-02-28,36.7,36.9,34.5,34.57,13917145,492273527.82,5.2727,-6.3144,688141
2025-03-03,34.53,34.9,31.9,32.33,18508724,604817122.77,7.0123,-6.4796,688141
2025-03-04,32.01,34.65,31.37,33.79,15607138,519443357.7,5.913,4.5159,688141
2025-03-05,33.67,34.55,32.88,34.27,10461906,352122021.37,3.9637,1.4205,688141
2025-03-06,34.28,35.4,33.83,34.35,10355858,358680659.41,3.9235,0.2334,688141
2025-03-07,33.98,34.0,32.88,33.01,9828996,327399566.74,3.7239,-3.901,688141
2025-03-10,32.99,34.32,32.5,33.99,8700795,292722781.15,3.2964,2.9688,688141
2025-03-11,33.45,33.88,32.0,32.58,11662166,381183559.14,4.4184,-4.1483,688141
2025-03-12,33.17,34.43,32.61,33.5,12981014,435337455.59,4.9181,2.8238,688141
2025-03-13,33.3,33.76,32.25,32.89,8860653,291519970.77,3.357,-1.8209,688141
2025-03-14,32.79,33.4,31.65,32.88,15013678,487668883.23,5.6882,-0.0304,688141
2025-03-17,33.4,33.4,30.26,32.65,16791531,531005244.93,6.3617,-0.6995,688141
2025-03-18,32.3,32.77,31.56,31.91,9327145,299304452.33,3.5337,-2.2665,688141
2025-03-19,31.99,32.3,31.38,31.52,5886538,187129017.35,2.2302,-1.2222,688141
2025-03-20,31.98,32.25,31.22,31.72,6246399,199133226.74,2.3665,0.6345,688141
2025-03-21,31.76,31.76,29.88,30.26,13120702,399659313.09,4.971,-4.6028,688141
2025-03-24,30.68,30.68,28.66,29.25,12651452,370068225.12,4.7932,-3.3377,688141
2025-03-25,29.5,29.69,27.9,28.17,8005644,228763942.51,3.0331,-3.6923,688141
2025-03-26,28.3,28.95,28.12,28.83,6080705,174354374.22,2.3038,2.3429,688141
2025-03-27,28.7,30.2,28.62,28.77,8104776,238782699.52,3.0706,-0.2081,688141
2025-03-28,28.98,30.18,28.8,28.9,9760342,288224652.2,3.6979,0.4519,688141
2025-03-31,29.02,29.46,28.49,29.15,7427182,215024896.28,2.8139,0.8651,688141
2025-04-01,29.26,29.53,28.74,28.77,5292028,153827738.03,2.005,-1.3036,688141
2025-04-02,28.75,29.17,28.57,29.01,5368389,155059160.77,2.0339,0.8342,688141
2025-04-03,28.8,30.16,28.65,29.0,9425214,278042550.55,3.5709,-0.0345,688141
2025-04-07,27.1,29.29,24.05,25.55,18782184,502928180.83,7.1159,-11.8966,688141
2025-04-08,26.49,27.94,26.31,26.86,13967604,377989977.91,5.2918,5.1272,688141
2025-04-09,26.38,29.1,25.6,27.79,14512443,400018440.67,5.4983,3.4624,688141
2025-04-10,28.93,29.0,27.88,28.16,12178501,346963887.7,4.614,1.3314,688141
2025-04-11,28.5,33.79,28.33,32.76,33288059,1067680583.13,12.6117,16.3352,688141
2025-04-14,32.75,34.49,32.02,33.78,22367862,753910139.77,8.4744,3.1136,688141
2025-04-15,33.61,34.88,33.1,34.13,12819105,437114327.5,4.8567,1.0361,688141
2025-04-16,34.4,36.52,34.4,34.82,20356517,724278007.25,7.7124,2.0217,688141
2025-04-17,34.49,37.66,34.49,36.19,16989142,622542157.27,6.4366,3.9345,688141
2025-04-18,36.14,36.98,35.59,35.83,9892665,356662930.48,3.748,-0.9947,688141
2025-04-21,35.85,36.19,35.36,35.83,9733342,348381157.02,3.6876,0.0,688141
2025-04-22,35.8,36.65,35.38,36.25,9035815,326808936.86,3.4234,1.1722,688141
2025-04-23,36.25,36.54,34.56,34.96,12864118,450923496.39,4.8738,-3.5586,688141
2025-04-24,34.95,35.14,33.94,34.94,7687389,266200557.33,2.9125,-0.0572,688141
2025-04-25,32.89,33.43,31.1,32.85,15751338,510032939.21,5.9676,-5.9817,688141
2025-04-28,33.57,35.26,32.8,34.55,9671770,329973777.81,3.6643,5.175,688141
2025-04-29,34.43,35.8,34.35,35.35,7993963,281695576.86,3.0286,2.3155,688141
2025-04-30,35.13,35.55,34.01,34.49,8526301,296586370.78,3.2303,-2.4328,688141
2025-05-06,34.7,35.37,34.53,34.93,7690698,269080371.17,2.9137,1.2757,688141
2025-05-07,35.28,35.65,34.1,34.31,6841569,238553964.78,2.592,-1.775,688141
2025-05-08,34.26,34.98,33.68,34.37,5907440,203127574.48,2.2381,0.1749,688141
2025-05-09,33.86,34.4,33.07,33.52,4494637,150952182.65,1.7029,-2.4731,688141
2025-05-12,33.88,33.97,32.1,32.71,9729627,318222884.16,3.6862,-2.4165,688141
2025-05-13,32.72,33.2,32.12,32.28,6489686,211610124.51,2.4587,-1.3146,688141
2025-05-14,32.95,32.95,31.52,31.92,7023217,223951540.56,2.6609,-1.1152,688141
2025-05-15,32.0,32.07,31.13,31.23,3753639,118138357.51,1.4221,-2.1617,688141
2025-05-16,31.23,32.58,30.82,32.3,7920217,253658688.86,3.0007,3.4262,688141
2025-05-19,32.31,33.13,31.8,32.75,9107150,295458166.03,3.4504,1.3932,688141
2025-05-20,32.62,33.0,32.01,32.22,6190771,200576841.03,2.3455,-1.6183,688141
2025-05-21,32.5,32.61,31.47,31.75,6759206,216502798.09,2.5608,-1.4587,688141
2025-05-22,31.65,32.85,31.44,31.57,5498587,176636295.94,2.0832,-0.5669,688141
2025-05-23,31.36,31.62,31.01,31.01,3679563,115128958.29,1.3941,-1.7738,688141
2025-05-26,31.04,31.48,30.74,30.85,3671598,113765490.47,1.391,-0.516,688141
2025-05-27,30.71,31.08,30.37,30.55,3593933,110174442.84,1.3616,-0.9724,688141
2025-05-28,30.75,30.77,29.91,30.11,4088896,123468571.05,1.5491,-1.4403,688141
2025-05-29,30.14,31.48,29.96,31.15,7869733,241965723.15,2.9816,3.454,688141
2025-05-30,31.18,31.18,30.0,30.1,5488421,166200545.66,2.0794,-3.3708,688141
2025-06-03,30.31,32.21,29.92,31.48,9745486,308469276.56,3.6922,4.5847,688141
2025-06-04,32.0,32.14,31.25,31.72,5441412,172843265.85,2.0616,0.7624,688141
2025-06-05,31.49,32.4,31.06,32.15,7350417,234142368.6,2.7848,1.3556,688141
2025-06-06,32.2,33.26,31.67,32.65,8226160,269445733.18,3.1166,1.5552,688141
2025-06-09,32.46,32.95,31.82,31.9,5652404,181949504.19,2.1415,-2.2971,688141
2025-06-10,31.91,32.0,30.8,31.08,5701747,177703399.09,2.1602,-2.5705,688141
2025-06-11,31.17,31.44,30.83,30.97,4060886,126208913.36,1.5385,-0.3539,688141
2025-06-12,30.85,31.65,30.61,31.11,6884317,213660873.62,2.6082,0.4521,688141
2025-06-13,31.0,31.86,30.24,30.35,11911489,367179953.66,4.5128,-2.4429,688141
2025-06-16,30.06,31.06,30.06,30.36,5286874,161362124.49,2.003,0.0329,688141
2025-06-17,30.39,30.66,29.91,30.09,3909012,117821489.39,1.481,-0.8893,688141
2025-06-18,30.0,31.18,29.91,30.69,4904057,150804424.42,1.858,1.994,688141
2025-06-19,30.89,31.08,30.24,30.47,3574014,109379126.04,1.3541,-0.7168,688141
2025-06-20,30.6,30.7,30.0,30.07,3228355,97643401.47,1.2231,-1.3128,688141
2025-06-23,29.58,30.3,29.55,29.97,4810189,143569258.77,1.8224,-0.3326,688141
2025-06-24,30.1,30.7,30.04,30.6,4513059,137665918.98,1.7098,2.1021,688141
2025-06-25,30.74,32.28,30.48,32.15,10428411,327858324.26,3.951,5.0654,688141
2025-06-26,32.49,32.49,31.36,31.38,9495909,301470002.48,3.5977,-2.395,688141
2025-06-27,31.55,31.71,30.71,30.72,7164522,222860910.82,2.7144,-2.1033,688141
2025-06-30,31.05,32.75,30.81,32.58,10917118,349946727.22,4.1361,6.0547,688141
2025-07-01,32.79,32.79,31.72,32.08,5885917,188616856.71,2.23,-1.5347,688141
2025-07-02,32.0,32.0,30.7,30.88,5573815,173993292.04,2.1117,-3.7406,688141
2025-07-03,30.92,31.25,30.48,30.82,4223565,130296067.08,1.6002,-0.1943,688141
2025-07-04,30.52,31.28,30.52,30.97,4326541,133882030.75,1.6392,0.4867,688141
2025-07-07,30.97,30.97,29.71,29.78,10594245,318051371.29,4.0138,-3.8424,688141
2025-07-08,29.78,30.07,29.4,29.9,6498301,193403680.64,2.462,0.403,688141
2025-07-09,29.88,30.14,28.77,29.03,8455430,248542321.11,3.2035,-2.9097,688141
2025-07-10,29.02,29.66,28.83,29.17,5225235,152904126.71,1.9797,0.4823,688141
2025-07-11,29.17,29.78,28.77,29.48,5480494,161097467.19,2.0764,1.0627,688141
2025-07-14,29.21,29.8,29.12,29.61,3852562,113732385.79,1.4596,0.441,688141
2025-07-15,29.66,29.75,28.93,29.51,5155074,151144695.74,1.9531,-0.3377,688141
2025-07-16,29.5,30.77,29.16,29.83,7246336,218910110.47,2.7454,1.0844,688141
2025-07-17,29.98,30.06,29.54,29.91,3721968,111230366.12,1.4101,0.2682,688141
2025-07-18,30.05,30.23,28.68,28.91,11261987,327476879.47,4.2668,-3.3434,688141
2025-07-21,28.92,30.45,28.7,29.5,9278071,276200033.14,3.5151,2.0408,688141
2025-07-22,29.28,29.84,29.11,29.25,5574910,164171770.13,2.1121,-0.8475,688141
2025-07-23,29.15,29.54,29.0,29.08,5146482,150560373.68,1.9498,-0.5812,688141
2025-07-24,29.01,29.63,29.0,29.47,5092605,149594705.68,1.9294,1.3411,688141
2025-07-25,29.4,30.01,28.7,29.84,10912910,319141524.02,4.1345,1.2555,688141
2025-07-28,29.83,30.05,29.55,29.8,7585691,226117097.11,2.874,-0.134,688141
2025-07-29,29.8,30.98,29.42,30.7,11959253,363493381.12,4.5309,3.0201,688141
2025-07-30,30.5,30.57,29.6,29.99,6975677,210407033.08,2.6428,-2.3127,688141
2025-07-31,29.92,30.88,29.65,29.78,11469521,346993027.55,4.3454,-0.7002,688141
2025-08-01,29.83,31.35,29.73,31.06,15744682,482889247.7,5.9651,4.2982,688141
2025-08-04,30.59,31.05,29.85,30.18,13908686,420358139.21,5.2695,-2.8332,688141
2025-08-05,30.0,30.75,29.29,30.6,11827790,357472060.01,4.4811,1.3917,688141
2025-08-06,30.64,31.2,30.2,31.11,12118199,370819050.6,4.5912,1.6667,688141
2025-08-07,30.87,31.6,30.46,31.51,12808175,398769953.74,4.8526,1.2858,688141
2025-08-08,31.2,31.42,30.11,30.12,10986719,334345902.16,4.1625,-4.4113,688141
2025-08-11,30.01,30.5,29.5,29.88,14700482,440525315.09,5.5695,-0.7968,688141
2025-08-12,29.79,29.97,28.95,29.55,13749635,404371363.59,5.2093,-1.1044,688141
2025-08-13,30.0,30.0,29.41,29.62,11108146,329272277.03,4.2085,0.2369,688141
2025-08-14,29.53,30.47,29.07,29.59,13822410,411906212.7,5.2368,-0.1013,688141
2025-08-15,29.48,35.51,29.38,35.51,38678754,1278784568.19,14.654,20.0068,688141
2025-08-18,36.0,36.23,34.5,35.12,30420698,1072550801.07,11.5253,-1.0983,688141
2025-08-19,35.07,35.07,33.1,33.6,23861863,807667415.75,9.0404,-4.328,688141
2025-08-20,34.17,34.28,32.1,33.71,26127227,866447711.78,9.8987,0.3274,688141
2025-08-21,33.88,34.3,32.92,33.32,16705919,559053476.26,6.3293,-1.1569,688141
2025-08-22,34.4,38.45,34.3,37.85,49842352,1843841672.85,18.8835,13.5954,688141
2025-08-25,37.0,38.17,36.0,36.82,32280389,1188177873.7,12.2299,-2.7213,688141
2025-08-26,36.0,36.79,34.98,35.24,26375974,942094938.83,9.9929,-4.2911,688141
2025-08-27,35.32,36.4,34.3,34.5,26173844,930703969.11,9.9164,-2.0999,688141
2025-08-28,34.24,35.83,34.0,35.8,21454602,750586309.82,8.1284,3.7681,688141
2025-08-29,35.8,37.2,34.21,36.4,26654554,951716526.96,10.0985,1.676,688141
2025-09-01,36.4,40.26,36.3,39.38,35985988,1376375938.1,13.6338,8.1868,688141
2025-09-02,39.37,42.2,39.01,40.21,44834856,1833170461.17,16.9864,2.1077,688141
2025-09-03,40.58,44.58,40.22,42.46,29917512,1288184412.71,11.3347,5.5956,688141
2025-09-04,42.25,43.62,39.06,42.16,40921796,1686277445.55,15.5038,-0.7065,688141
2025-09-05,41.31,47.8,40.36,47.34,39939232,1751261060.63,15.1316,12.2865,688141
2025-09-08,48.0,48.13,45.48,46.99,27501882,1295767538.74,10.4195,-0.7393,688141
2025-09-09,46.63,47.2,45.5,45.91,13928327,644213174.16,5.277,-2.2984,688141
2025-09-10,46.14,47.43,45.6,46.25,11567131,535655434.43,4.3824,0.7406,688141
2025-09-11,46.66,52.66,46.66,51.35,22151457,1120807414.14,8.3924,11.027,688141
2025-09-12,52.0,54.75,50.98,53.5,15371885,820112062.93,5.8239,4.187,688141
2025-09-15,58.0,58.0,51.75,52.0,26195746,1425759325.28,9.9247,-2.8037,688141
2025-09-16,52.0,54.48,51.16,51.77,17491625,913083899.23,6.627,-0.4423,688141
2025-09-17,51.53,52.64,49.63,50.08,21966880,1110643447.3,8.3225,-3.2644,688141
2025-09-18,50.0,54.28,49.5,51.8,23579971,1224378396.75,8.9336,3.4345,688141
2025-09-19,52.2,52.8,49.7,50.3,16605660,845706228.18,6.2913,-2.8958,688141
2025-09-22,50.28,51.27,49.56,51.0,15491383,782410323.97,5.8691,1.3917,688141
2025-09-23,50.51,52.5,49.16,51.4,16843329,855873134.34,6.3813,0.7843,688141
2025-09-24,51.43,61.0,51.01,57.97,35729740,2021347121.85,13.5368,12.7821,688141
2025-09-25,58.0,59.09,56.0,58.78,17896135,1039945262.81,6.7802,1.3973,688141
2025-09-26,58.0,58.99,56.27,56.49,13393890,769263826.64,5.0745,-3.8959,688141
2025-09-29,56.92,59.0,55.01,57.95,13125109,748164428.01,4.9726,2.5845,688141
2025-09-30,58.6,59.99,57.2,58.05,13244724,779889129.51,5.018,0.1726,688141
2025-10-09,58.05,60.36,57.55,59.0,13861949,818712889.62,5.2518,1.6365,688141
2025-10-10,58.3,59.3,55.56,55.99,12629048,715625221.51,4.7847,-5.1017,688141
2025-10-13,53.01,56.38,53.01,55.8,13177818,728703059.52,4.9926,-0.3393,688141
2025-10-14,55.55,57.49,51.0,51.9,16473825,891409214.16,6.2414,-6.9892,688141
2025-10-15,51.41,53.91,50.41,53.82,11000277,580346643.49,4.114,3.6994,688141
2025-10-16,54.23,58.5,53.86,56.48,15087718,861911025.42,5.6426,4.9424,688141
2025-10-17,55.95,56.77,52.85,52.85,10519407,570804842.88,3.9341,-6.4271,688141
2025-10-20,54.0,55.95,52.2,53.8,8200710,445973617.32,3.067,1.7975,688141
2025-10-21,54.06,55.3,53.34,54.35,7829676,425770405.67,2.9282,1.0223,688141
2025-10-22,53.35,56.29,53.23,55.08,9206201,503231831.71,3.443,1.3431,688141
2025-10-23,54.6,55.5,53.56,54.49,5450347,296018642.97,2.0384,-1.0712,688141
2025-10-24,55.29,56.0,54.46,55.73,10206799,564068404.16,3.8172,2.2756,688141
2025-10-27,56.5,57.0,52.0,53.28,17989032,964968997.88,6.7277,-4.3962,688141
2025-10-28,53.02,54.27,52.1,52.93,12416710,659519821.22,4.6437,-0.6569,688141
2025-10-29,52.8,53.3,51.02,52.1,13365716,693923476.93,4.9986,-1.5681,688141
2025-10-30,51.89,51.99,50.36,50.42,11477711,585089798.07,4.2925,-3.2246,688141
2025-10-31,52.0,53.33,50.17,50.17,14535871,751920111.57,5.4363,-0.4958,688141
2025-11-03,50.99,50.99,47.89,49.37,13320335,654269018.8,4.9817,-1.5946,688141
2025-11-04,49.61,49.61,46.35,46.9,11808203,559529546.25,4.4161,-5.003,688141
2025-11-05,46.44,46.9,45.27,45.56,11236661,515323079.62,4.2024,-2.8571,688141
2025-11-06,45.66,46.07,43.6,44.4,16793916,747789720.43,6.2807,-2.5461,688141
2025-11-07,44.13,45.34,43.83,44.01,11911316,529130738.99,4.4547,-0.8784,688141
2025-11-10,43.92,43.99,40.63,41.56,19771381,828925457.75,7.3943,-5.5669,688141
2025-11-11,41.56,41.98,39.92,40.29,11484745,467790279.74,4.2952,-3.0558,688141
2025-11-12,39.99,42.06,39.52,40.57,13981705,573201561.41,5.229,0.695,688141
2025-11-13,40.5,41.6,40.47,41.15,9636391,395015041.76,3.6039,1.4296,688141
2025-11-14,40.63,42.66,40.15,41.85,15154646,628552222.16,5.6677,1.7011,688141
2025-11-17,41.88,41.88,40.05,40.56,10627499,432300955.49,3.9746,-3.0824,688141
2025-11-18,40.55,41.14,40.01,40.3,6882107,279178953.72,2.5738,-0.641,688141
2025-11-19,40.5,40.5,39.17,39.45,6259639,248614982.72,2.341,-2.1092,688141
2025-11-20,39.6,40.2,38.52,38.52,7939769,309700192.85,2.9694,-2.3574,688141
2025-11-21,38.15,38.73,36.72,36.9,12063469,452011109.08,4.5116,-4.2056,688141
2025-11-24,37.0,37.78,36.23,37.55,8908931,330325329.04,3.3318,1.7615,688141
2025-11-25,37.74,38.6,37.74,37.8,6654175,253370367.61,2.4886,0.6658,688141
2025-11-26,37.75,39.86,37.58,38.67,9360556,364019207.11,3.5007,2.3016,688141
2025-11-27,38.53,40.34,38.48,40.15,13756536,543436418.22,5.1448,3.8273,688141
2025-11-28,39.81,40.23,39.07,39.31,8905652,351549400.45,3.3306,-2.0922,688141
2025-12-01,39.31,39.31,37.88,38.88,10442392,401646082.43,3.9053,-1.0939,688141
2025-12-02,38.73,38.79,37.98,38.2,4799873,183624525.52,1.7951,-1.749,688141
2025-12-03,38.31,38.64,37.32,37.62,7235267,273738457.48,2.7059,-1.5183,688141
2025-12-04,37.66,37.98,36.99,37.57,4365371,163396410.04,1.6326,-0.1329,688141
2025-12-05,37.96,38.18,36.72,38.01,5678574,212608346.84,2.1237,1.1711,688141
2025-12-08,37.88,40.33,37.88,39.56,10016665,393406246.2,3.7461,4.0779,688141
2025-12-09,39.39,39.85,39.0,39.07,6441186,252991967.97,2.4089,-1.2386,688141
2025-12-10,39.12,39.2,37.91,38.66,5948914,228845522.12,2.2248,-1.0494,688141
2025-12-11,38.67,38.96,37.28,37.41,5112399,193505908.73,1.912,-3.2333,688141
2025-12-12,37.33,38.12,36.5,37.81,7126679,266730415.66,2.6653,1.0692,688141
2025-12-15,37.45,37.92,36.68,36.71,6301896,234047182.57,2.3568,-2.9093,688141
2025-12-16,36.68,36.9,35.15,35.64,7260804,258942628.51,2.7155,-2.9147,688141
2025-12-17,35.1,36.85,35.0,36.7,6789156,244334530.93,2.5391,2.9742,688141
2025-12-18,36.54,36.84,36.1,36.12,5363546,195360739.49,2.0059,-1.5804,688141
2025-12-19,36.48,37.25,36.14,36.23,6801427,249779837.47,2.5437,0.3045,688141
2025-12-22,36.66,38.19,36.38,37.12,9883389,371197290.91,3.6963,2.4565,688141
2025-12-23,37.12,42.6,37.06,41.29,22953410,928917129.93,5.0971,11.2338,688141
2025-12-24,40.88,44.3,40.55,42.95,20665703,877861832.8,4.5891,4.0203,688141
2025-12-25,44.46,45.1,43.01,43.65,17563919,772205887.38,3.9003,1.6298,688141
2025-12-26,43.25,45.29,41.88,43.93,24462050,1061071791.48,5.4321,0.6415,688141
2025-12-29,45.8,46.5,43.52,45.17,26784883,1209393611.62,5.9479,2.8227,688141
2025-12-30,45.0,45.3,43.92,44.1,14785238,655649757.82,3.2833,-2.3688,688141
2025-12-31,44.89,44.89,42.64,43.43,10552196,459349052.06,2.3433,-1.5193,688141
2026-01-05,43.51,45.88,43.51,45.55,16065866,716938308.37,3.5676,4.8814,688141
2026-01-06,45.0,48.45,44.61,48.45,21905142,1016080044.23,4.8643,6.3666,688141
2026-01-07,47.97,51.43,47.46,50.3,22837601,1127544554.25,5.0714,3.8184,688141
2026-01-08,49.35,50.8,48.85,49.08,13785574,684642833.36,3.0613,-2.4254,688141
2026-01-09,48.69,51.18,48.27,49.49,12663627,629353558.51,2.8121,0.8354,688141
2026-01-12,50.47,51.0,47.35,48.37,16154905,781293743.54,3.5874,-2.2631,688141
2026-01-13,48.0,48.3,45.87,46.08,16491620,772456982.23,3.6622,-4.7343,688141
2026-01-14,46.29,47.4,45.17,46.81,14637437,681844785.17,3.2504,1.5842,688141
2026-01-15,46.44,46.93,45.19,46.09,8844982,406092660.1,1.9641,-1.5381,688141
2026-01-16,46.44,47.5,45.81,47.05,10617226,495289043.75,2.3577,2.0829,688141
2026-01-19,47.0,48.33,46.1,46.17,9368301,438413982.62,2.0804,-1.8704,688141
2026-01-20,46.5,47.35,44.69,46.55,11791015,539527528.21,2.6184,0.823,688141
2026-01-21,48.0,53.82,48.0,52.99,28881735,1483888689.08,6.4136,13.8346,688141
2026-01-22,53.0,55.38,51.0,53.2,19302005,1015548523.63,4.2863,0.3963,688141
2026-01-23,52.98,55.38,51.94,53.84,15847118,855647137.82,3.5191,1.203,688141
2026-01-26,52.72,53.63,50.9,51.8,13829149,717979035.93,3.0709,-3.789,688141
2026-01-27,51.51,54.26,49.5,53.93,16162878,840745101.43,3.5892,4.112,688141
2026-01-28,56.23,57.28,54.15,54.4,17737875,989057400.92,3.9389,0.8715,688141
2026-01-29,54.01,55.37,52.0,52.6,12115420,649697242.92,2.6904,-3.3088,688141
2026-01-30,51.93,52.88,50.22,52.2,11291123,581920681.55,2.5073,-0.7605,688141
2026-02-02,50.29,52.16,49.26,49.39,10487785,533206324.32,2.329,-5.3831,688141
2026-02-03,50.07,51.19,48.38,49.0,13892871,685973991.21,3.0851,-0.7896,688141
2026-02-04,48.93,51.44,47.8,51.38,12884908,644963513.35,2.8613,4.8571,688141
2026-02-05,50.52,51.92,48.97,50.15,9321782,468549494.19,2.07,-2.3939,688141
2026-02-06,49.07,51.19,48.38,49.7,8267111,412906001.55,1.8358,-0.8973,688141
2026-02-09,50.69,52.29,49.55,51.3,8718705,445732473.76,1.9361,3.2193,688141
2026-02-10,51.25,52.7,49.53,49.6,7394342,374199778.68,1.642,-3.3138,688141
